{
  "manifest.json": 1618932681670,
  "controller/Main.controller.js": 1618932632900,
  "model/models.js": 1610280947408,
  "controller/embed.controller.js": 1618852995157,
  "i18n/i18n.properties": 1611419245415,
  "Component.js": 1610280947408,
  "manifest-bundle.zip": 1618932681405,
  "Component-preload.js": 1618932681621,
  "controller/Main-dbg.controller.js": 1618932632900,
  "controller/embed-dbg.controller.js": 1618852995157,
  "model/models-dbg.js": 1610280947408,
  "Component-dbg.js": 1610280947408,
  "resources.json": 1618932681672,
  "view/embed.view.xml": 1618852915196,
  "view/Main.view.xml": 1618853172463,
  "css/style.css": 1610280947408,
  "index.html": 1618852915196
}